"name","type","location","timestamp","value"
1,"Temp","Капуста 1",2016-04-20 15:51:06,15.2
1,"Temp","Капуста 1",2016-04-20 19:51:54,14.9
1,"Temp","Капуста 1",2016-04-20 23:50:43,15.5
1,"Temp","Капуста 1",2016-04-21 03:46:25,15
1,"Temp","Капуста 1",2016-04-21 07:55:39,15
1,"Temp","Капуста 1",2016-04-21 11:53:27,16.5
1,"Temp","Капуста 1",2016-04-21 15:46:55,13.2
1,"Temp","Капуста 1",2016-04-21 19:53:49,15.8
1,"Temp","Капуста 1",2016-04-21 23:50:52,14.6
1,"Temp","Капуста 1",2016-04-22 03:47:11,15
1,"Temp","Капуста 1",2016-04-22 07:54:35,14.3
1,"Temp","Капуста 1",2016-04-22 11:50:11,13.8
1,"Temp","Капуста 1",2016-04-22 15:48:18,14.1
1,"Temp","Капуста 1",2016-04-22 19:50:29,16.2
1,"Temp","Капуста 1",2016-04-22 23:47:53,15.3
1,"Temp","Капуста 1",2016-04-23 03:51:48,13.9
1,"Temp","Капуста 1",2016-04-23 07:49:12,15.8
1,"Temp","Капуста 1",2016-04-23 11:48:11,15.9
1,"Temp","Капуста 1",2016-04-23 15:51:56,15.7
1,"Temp","Капуста 1",2016-04-23 19:46:12,14.4
1,"Temp","Капуста 1",2016-04-23 23:54:40,14.8
1,"Temp","Капуста 1",2016-04-24 03:50:49,15.4
1,"Temp","Капуста 1",2016-04-24 07:49:22,13.3
1,"Temp","Капуста 1",2016-04-24 11:47:44,14.3
1,"Temp","Капуста 1",2016-04-24 15:46:23,13.8
1,"Temp","Капуста 1",2016-04-24 19:51:35,14.9
1,"Temp","Капуста 1",2016-04-24 23:52:25,15.1
1,"Temp","Капуста 1",2016-04-25 03:54:18,13.6
1,"Temp","Капуста 1",2016-04-25 07:54:48,15.2
1,"Temp","Капуста 1",2016-04-25 11:52:55,14.5
1,"Temp","Капуста 1",2016-04-25 15:51:41,15
1,"Temp","Капуста 1",2016-04-25 19:46:51,15.1
1,"Temp","Капуста 1",2016-04-25 23:51:15,13.2
1,"Temp","Капуста 1",2016-04-26 03:46:26,16
1,"Temp","Капуста 1",2016-04-26 07:46:39,15.4
1,"Temp","Капуста 1",2016-04-26 11:47:54,15.7
1,"Temp","Капуста 1",2016-04-26 15:47:40,13.9
1,"Temp","Капуста 1",2016-04-26 19:48:21,14.5
1,"Temp","Капуста 1",2016-04-26 23:51:15,14.8
1,"Temp","Капуста 1",2016-04-27 03:48:58,17
1,"Temp","Капуста 1",2016-04-27 07:49:04,14.6
1,"Temp","Капуста 1",2016-04-27 11:54:31,13.1
1,"Temp","Капуста 1",2016-04-27 15:51:47,15.6
2,"Temp","Капуста 1",2016-04-20 15:49:53,14.4
2,"Temp","Капуста 1",2016-04-20 19:53:06,13
2,"Temp","Капуста 1",2016-04-20 23:53:40,14
2,"Temp","Капуста 1",2016-04-21 03:55:10,16
2,"Temp","Капуста 1",2016-04-21 07:50:09,15
2,"Temp","Капуста 1",2016-04-21 11:46:08,14.7
2,"Temp","Капуста 1",2016-04-21 15:47:52,15.3
2,"Temp","Капуста 1",2016-04-21 19:55:09,15.9
2,"Temp","Капуста 1",2016-04-21 23:51:11,14.9
2,"Temp","Капуста 1",2016-04-22 03:54:48,13.6
2,"Temp","Капуста 1",2016-04-22 07:46:38,15.2
2,"Temp","Капуста 1",2016-04-22 11:49:51,16
2,"Temp","Капуста 1",2016-04-22 15:55:34,15.5
2,"Temp","Капуста 1",2016-04-22 19:47:37,14.9
2,"Temp","Капуста 1",2016-04-22 23:51:26,15
2,"Temp","Капуста 1",2016-04-23 03:46:08,16.6
2,"Temp","Капуста 1",2016-04-23 07:51:02,14.4
2,"Temp","Капуста 1",2016-04-23 11:50:04,14.4
2,"Temp","Капуста 1",2016-04-23 15:46:43,15
2,"Temp","Капуста 1",2016-04-23 19:53:04,15.3
2,"Temp","Капуста 1",2016-04-23 23:54:05,14
2,"Temp","Капуста 1",2016-04-24 03:48:40,15.3
2,"Temp","Капуста 1",2016-04-24 07:46:12,14.2
2,"Temp","Капуста 1",2016-04-24 11:55:02,15.5
2,"Temp","Капуста 1",2016-04-24 15:49:27,15.2
2,"Temp","Капуста 1",2016-04-24 19:50:01,14.2
2,"Temp","Капуста 1",2016-04-24 23:54:18,14.1
2,"Temp","Капуста 1",2016-04-25 03:47:04,15
2,"Temp","Капуста 1",2016-04-25 07:51:40,13.9
2,"Temp","Капуста 1",2016-04-25 11:47:40,15.1
2,"Temp","Капуста 1",2016-04-25 15:53:54,15.4
2,"Temp","Капуста 1",2016-04-25 19:55:13,14.4
2,"Temp","Капуста 1",2016-04-25 23:52:14,15.2
2,"Temp","Капуста 1",2016-04-26 03:55:56,14.6
2,"Temp","Капуста 1",2016-04-26 07:47:52,14.9
2,"Temp","Капуста 1",2016-04-26 11:49:32,15.3
2,"Temp","Капуста 1",2016-04-26 15:51:45,15.4
2,"Temp","Капуста 1",2016-04-26 19:55:39,14.3
2,"Temp","Капуста 1",2016-04-26 23:46:59,14.2
2,"Temp","Капуста 1",2016-04-27 03:48:30,14.2
2,"Temp","Капуста 1",2016-04-27 07:47:27,15
2,"Temp","Капуста 1",2016-04-27 11:47:42,14.4
2,"Temp","Капуста 1",2016-04-27 15:49:24,15.1
3,"Temp","Капуста 1",2016-04-20 15:55:13,12.7
3,"Temp","Капуста 1",2016-04-20 19:51:43,17.5
3,"Temp","Капуста 1",2016-04-20 23:48:37,13.4
3,"Temp","Капуста 1",2016-04-21 03:46:29,14.6
3,"Temp","Капуста 1",2016-04-21 07:55:54,16.3
3,"Temp","Капуста 1",2016-04-21 11:53:01,16.3
3,"Temp","Капуста 1",2016-04-21 15:52:37,13.2
3,"Temp","Капуста 1",2016-04-21 19:46:38,16.1
3,"Temp","Капуста 1",2016-04-21 23:52:13,14.3
3,"Temp","Капуста 1",2016-04-22 03:55:18,15.5
3,"Temp","Капуста 1",2016-04-22 07:51:11,15
3,"Temp","Капуста 1",2016-04-22 11:52:37,14.8
3,"Temp","Капуста 1",2016-04-22 15:51:05,16
3,"Temp","Капуста 1",2016-04-22 19:54:53,13.9
3,"Temp","Капуста 1",2016-04-22 23:52:59,14.7
3,"Temp","Капуста 1",2016-04-23 03:54:25,14.1
3,"Temp","Капуста 1",2016-04-23 07:51:13,14.8
3,"Temp","Капуста 1",2016-04-23 11:50:03,14.7
3,"Temp","Капуста 1",2016-04-23 15:55:36,13.9
3,"Temp","Капуста 1",2016-04-23 19:54:11,16.2
3,"Temp","Капуста 1",2016-04-23 23:47:53,15.4
3,"Temp","Капуста 1",2016-04-24 03:47:23,15.9
3,"Temp","Капуста 1",2016-04-24 07:48:18,15
3,"Temp","Капуста 1",2016-04-24 11:48:43,14.6
3,"Temp","Капуста 1",2016-04-24 15:54:02,14.3
3,"Temp","Капуста 1",2016-04-24 19:53:31,15.8
3,"Temp","Капуста 1",2016-04-24 23:47:11,16.9
3,"Temp","Капуста 1",2016-04-25 03:50:59,14.7
3,"Temp","Капуста 1",2016-04-25 07:52:25,17.3
3,"Temp","Капуста 1",2016-04-25 11:48:26,15.6
3,"Temp","Капуста 1",2016-04-25 15:53:16,14.7
3,"Temp","Капуста 1",2016-04-25 19:55:55,14.7
3,"Temp","Капуста 1",2016-04-25 23:51:26,15.8
3,"Temp","Капуста 1",2016-04-26 03:49:00,13.9
3,"Temp","Капуста 1",2016-04-26 07:54:04,15.5
3,"Temp","Капуста 1",2016-04-26 11:48:05,16
3,"Temp","Капуста 1",2016-04-26 15:47:08,14.6
3,"Temp","Капуста 1",2016-04-26 19:48:01,13.6
3,"Temp","Капуста 1",2016-04-26 23:55:46,15.1
3,"Temp","Капуста 1",2016-04-27 03:46:25,14.5
3,"Temp","Капуста 1",2016-04-27 07:46:53,14.9
3,"Temp","Капуста 1",2016-04-27 11:53:49,16.1
3,"Temp","Капуста 1",2016-04-27 15:50:43,12.5
4,"Temp","Капуста 1",2016-04-20 15:54:43,16.6
4,"Temp","Капуста 1",2016-04-20 19:54:55,13.1
4,"Temp","Капуста 1",2016-04-20 23:52:55,15
4,"Temp","Капуста 1",2016-04-21 03:51:36,15.3
4,"Temp","Капуста 1",2016-04-21 07:53:50,14.4
4,"Temp","Капуста 1",2016-04-21 11:47:07,15.7
4,"Temp","Капуста 1",2016-04-21 15:50:05,15.2
4,"Temp","Капуста 1",2016-04-21 19:45:59,15
4,"Temp","Капуста 1",2016-04-21 23:46:18,15.8
4,"Temp","Капуста 1",2016-04-22 03:53:41,15.2
4,"Temp","Капуста 1",2016-04-22 07:51:02,15.9
4,"Temp","Капуста 1",2016-04-22 11:46:30,15
4,"Temp","Капуста 1",2016-04-22 15:46:36,16.4
4,"Temp","Капуста 1",2016-04-22 19:50:50,15.8
4,"Temp","Капуста 1",2016-04-22 23:51:59,15.2
4,"Temp","Капуста 1",2016-04-23 03:46:19,15.3
4,"Temp","Капуста 1",2016-04-23 07:46:38,13.9
4,"Temp","Капуста 1",2016-04-23 11:52:55,14
4,"Temp","Капуста 1",2016-04-23 15:50:20,15.3
4,"Temp","Капуста 1",2016-04-23 19:51:25,14.5
4,"Temp","Капуста 1",2016-04-23 23:54:59,12.9
4,"Temp","Капуста 1",2016-04-24 03:55:49,14.2
4,"Temp","Капуста 1",2016-04-24 07:55:19,14.9
4,"Temp","Капуста 1",2016-04-24 11:49:32,14.9
4,"Temp","Капуста 1",2016-04-24 15:47:35,14.7
4,"Temp","Капуста 1",2016-04-24 19:51:53,15.4
4,"Temp","Капуста 1",2016-04-24 23:49:12,14.8
4,"Temp","Капуста 1",2016-04-25 03:48:56,16.5
4,"Temp","Капуста 1",2016-04-25 07:53:41,14.4
4,"Temp","Капуста 1",2016-04-25 11:50:41,12.6
4,"Temp","Капуста 1",2016-04-25 15:54:04,14.2
4,"Temp","Капуста 1",2016-04-25 19:50:22,16.4
4,"Temp","Капуста 1",2016-04-25 23:49:50,15.5
4,"Temp","Капуста 1",2016-04-26 03:55:37,13.9
4,"Temp","Капуста 1",2016-04-26 07:49:07,12.6
4,"Temp","Капуста 1",2016-04-26 11:51:28,14.6
4,"Temp","Капуста 1",2016-04-26 15:53:19,14.6
4,"Temp","Капуста 1",2016-04-26 19:49:25,17.7
4,"Temp","Капуста 1",2016-04-26 23:50:31,15.4
4,"Temp","Капуста 1",2016-04-27 03:52:24,15.5
4,"Temp","Капуста 1",2016-04-27 07:51:55,16.5
4,"Temp","Капуста 1",2016-04-27 11:48:20,16.6
4,"Temp","Капуста 1",2016-04-27 15:52:22,15.2
5,"Temp","Капуста 1",2016-04-20 15:55:42,15
5,"Temp","Капуста 1",2016-04-20 19:49:49,13.2
5,"Temp","Капуста 1",2016-04-20 23:55:03,15.2
5,"Temp","Капуста 1",2016-04-21 03:53:21,14.5
5,"Temp","Капуста 1",2016-04-21 07:54:02,14.2
5,"Temp","Капуста 1",2016-04-21 11:49:17,15.4
5,"Temp","Капуста 1",2016-04-21 15:52:23,15.5
5,"Temp","Капуста 1",2016-04-21 19:47:40,14.5
5,"Temp","Капуста 1",2016-04-21 23:51:48,15.4
5,"Temp","Капуста 1",2016-04-22 03:49:22,14.5
5,"Temp","Капуста 1",2016-04-22 07:53:53,14.8
5,"Temp","Капуста 1",2016-04-22 11:49:42,14.7
5,"Temp","Капуста 1",2016-04-22 15:50:08,14.2
5,"Temp","Капуста 1",2016-04-22 19:47:21,15.9
5,"Temp","Капуста 1",2016-04-22 23:55:23,14.9
5,"Temp","Капуста 1",2016-04-23 03:46:14,14.3
5,"Temp","Капуста 1",2016-04-23 07:53:02,14.7
5,"Temp","Капуста 1",2016-04-23 11:50:48,14
5,"Temp","Капуста 1",2016-04-23 15:54:02,17.3
5,"Temp","Капуста 1",2016-04-23 19:50:19,15.1
5,"Temp","Капуста 1",2016-04-23 23:55:44,14.6
5,"Temp","Капуста 1",2016-04-24 03:46:15,15.1
5,"Temp","Капуста 1",2016-04-24 07:49:15,14.7
5,"Temp","Капуста 1",2016-04-24 11:53:08,13.2
5,"Temp","Капуста 1",2016-04-24 15:46:00,15.1
5,"Temp","Капуста 1",2016-04-24 19:53:11,14.8
5,"Temp","Капуста 1",2016-04-24 23:51:45,16.2
5,"Temp","Капуста 1",2016-04-25 03:50:09,14.9
5,"Temp","Капуста 1",2016-04-25 07:52:11,15.2
5,"Temp","Капуста 1",2016-04-25 11:52:33,16.4
5,"Temp","Капуста 1",2016-04-25 15:46:40,16.3
5,"Temp","Капуста 1",2016-04-25 19:46:49,14.8
5,"Temp","Капуста 1",2016-04-25 23:49:26,15
5,"Temp","Капуста 1",2016-04-26 03:49:15,15.9
5,"Temp","Капуста 1",2016-04-26 07:47:09,13.7
5,"Temp","Капуста 1",2016-04-26 11:55:01,16.2
5,"Temp","Капуста 1",2016-04-26 15:50:06,13.7
5,"Temp","Капуста 1",2016-04-26 19:54:25,14.3
5,"Temp","Капуста 1",2016-04-26 23:55:27,16
5,"Temp","Капуста 1",2016-04-27 03:52:19,15.2
5,"Temp","Капуста 1",2016-04-27 07:48:20,16.2
5,"Temp","Капуста 1",2016-04-27 11:48:12,16.5
5,"Temp","Капуста 1",2016-04-27 15:49:39,14.7
6,"Temp","Капуста 1",2016-04-20 15:46:56,16.4
6,"Temp","Капуста 1",2016-04-20 19:47:45,12.7
6,"Temp","Капуста 1",2016-04-20 23:53:59,17.3
6,"Temp","Капуста 1",2016-04-21 03:54:34,14.5
6,"Temp","Капуста 1",2016-04-21 07:47:49,15.1
6,"Temp","Капуста 1",2016-04-21 11:48:05,14.9
6,"Temp","Капуста 1",2016-04-21 15:55:02,14.8
6,"Temp","Капуста 1",2016-04-21 19:53:01,15.4
6,"Temp","Капуста 1",2016-04-21 23:50:09,14.5
6,"Temp","Капуста 1",2016-04-22 03:47:49,13.8
6,"Temp","Капуста 1",2016-04-22 07:50:25,14.4
6,"Temp","Капуста 1",2016-04-22 11:50:05,14.2
6,"Temp","Капуста 1",2016-04-22 15:49:49,14
6,"Temp","Капуста 1",2016-04-22 19:50:27,15.6
6,"Temp","Капуста 1",2016-04-22 23:52:22,15.4
6,"Temp","Капуста 1",2016-04-23 03:54:00,14.1
6,"Temp","Капуста 1",2016-04-23 07:55:28,15.2
6,"Temp","Капуста 1",2016-04-23 11:46:16,14
6,"Temp","Капуста 1",2016-04-23 15:49:24,16.1
6,"Temp","Капуста 1",2016-04-23 19:52:48,14.2
6,"Temp","Капуста 1",2016-04-23 23:54:17,13.9
6,"Temp","Капуста 1",2016-04-24 03:50:25,13.7
6,"Temp","Капуста 1",2016-04-24 07:47:26,14.8
6,"Temp","Капуста 1",2016-04-24 11:47:21,16.4
6,"Temp","Капуста 1",2016-04-24 15:52:02,15.5
6,"Temp","Капуста 1",2016-04-24 19:46:35,17
6,"Temp","Капуста 1",2016-04-24 23:49:03,13.9
6,"Temp","Капуста 1",2016-04-25 03:53:06,12.7
6,"Temp","Капуста 1",2016-04-25 07:51:39,14.2
6,"Temp","Капуста 1",2016-04-25 11:52:15,14
6,"Temp","Капуста 1",2016-04-25 15:47:14,14.8
6,"Temp","Капуста 1",2016-04-25 19:48:40,13.7
6,"Temp","Капуста 1",2016-04-25 23:46:05,15.9
6,"Temp","Капуста 1",2016-04-26 03:52:27,14.3
6,"Temp","Капуста 1",2016-04-26 07:54:20,15.1
6,"Temp","Капуста 1",2016-04-26 11:48:17,15.7
6,"Temp","Капуста 1",2016-04-26 15:54:18,13.4
6,"Temp","Капуста 1",2016-04-26 19:53:08,15
6,"Temp","Капуста 1",2016-04-26 23:52:22,14.4
6,"Temp","Капуста 1",2016-04-27 03:52:27,14.4
6,"Temp","Капуста 1",2016-04-27 07:50:44,16
6,"Temp","Капуста 1",2016-04-27 11:49:39,13.2
6,"Temp","Капуста 1",2016-04-27 15:50:26,14.9
7,"Temp","Капуста 1",2016-04-20 15:54:32,14.8
7,"Temp","Капуста 1",2016-04-20 19:53:20,15.8
7,"Temp","Капуста 1",2016-04-20 23:53:11,12.9
7,"Temp","Капуста 1",2016-04-21 03:48:04,15.2
7,"Temp","Капуста 1",2016-04-21 07:47:51,14.7
7,"Temp","Капуста 1",2016-04-21 11:55:20,14.7
7,"Temp","Капуста 1",2016-04-21 15:53:10,16.6
7,"Temp","Капуста 1",2016-04-21 19:55:09,15.1
7,"Temp","Капуста 1",2016-04-21 23:51:01,13.8
7,"Temp","Капуста 1",2016-04-22 03:46:03,13.9
7,"Temp","Капуста 1",2016-04-22 07:46:27,15.3
7,"Temp","Капуста 1",2016-04-22 11:54:05,17.2
7,"Temp","Капуста 1",2016-04-22 15:51:44,15.3
7,"Temp","Капуста 1",2016-04-22 19:46:00,16.3
7,"Temp","Капуста 1",2016-04-22 23:52:17,16
7,"Temp","Капуста 1",2016-04-23 03:55:27,12.7
7,"Temp","Капуста 1",2016-04-23 07:52:14,15.5
7,"Temp","Капуста 1",2016-04-23 11:49:57,15.3
7,"Temp","Капуста 1",2016-04-23 15:54:45,13
7,"Temp","Капуста 1",2016-04-23 19:52:38,13.7
7,"Temp","Капуста 1",2016-04-23 23:54:01,14.5
7,"Temp","Капуста 1",2016-04-24 03:52:59,15.6
7,"Temp","Капуста 1",2016-04-24 07:52:32,15.2
7,"Temp","Капуста 1",2016-04-24 11:50:03,16
7,"Temp","Капуста 1",2016-04-24 15:46:10,13.1
7,"Temp","Капуста 1",2016-04-24 19:52:48,13.1
7,"Temp","Капуста 1",2016-04-24 23:54:12,17.3
7,"Temp","Капуста 1",2016-04-25 03:46:48,13
7,"Temp","Капуста 1",2016-04-25 07:52:17,13.9
7,"Temp","Капуста 1",2016-04-25 11:49:51,13.7
7,"Temp","Капуста 1",2016-04-25 15:53:39,14.3
7,"Temp","Капуста 1",2016-04-25 19:47:17,13.8
7,"Temp","Капуста 1",2016-04-25 23:48:51,13.9
7,"Temp","Капуста 1",2016-04-26 03:48:02,15.7
7,"Temp","Капуста 1",2016-04-26 07:46:04,15.3
7,"Temp","Капуста 1",2016-04-26 11:54:02,14.6
7,"Temp","Капуста 1",2016-04-26 15:54:22,14.7
7,"Temp","Капуста 1",2016-04-26 19:55:24,13.1
7,"Temp","Капуста 1",2016-04-26 23:50:35,15.1
7,"Temp","Капуста 1",2016-04-27 03:52:35,15.2
7,"Temp","Капуста 1",2016-04-27 07:49:13,15.8
7,"Temp","Капуста 1",2016-04-27 11:46:28,12.7
7,"Temp","Капуста 1",2016-04-27 15:54:55,15.1
8,"Temp","Капуста 1",2016-04-20 15:54:29,15.4
8,"Temp","Капуста 1",2016-04-20 19:50:55,15
8,"Temp","Капуста 1",2016-04-20 23:49:58,13.6
8,"Temp","Капуста 1",2016-04-21 03:55:30,13.3
8,"Temp","Капуста 1",2016-04-21 07:55:35,14.7
8,"Temp","Капуста 1",2016-04-21 11:48:49,14.5
8,"Temp","Капуста 1",2016-04-21 15:51:30,14.1
8,"Temp","Капуста 1",2016-04-21 19:55:43,15.3
8,"Temp","Капуста 1",2016-04-21 23:48:53,13.7
8,"Temp","Капуста 1",2016-04-22 03:49:10,15.6
8,"Temp","Капуста 1",2016-04-22 07:52:07,13.3
8,"Temp","Капуста 1",2016-04-22 11:47:51,15.4
8,"Temp","Капуста 1",2016-04-22 15:54:16,14.9
8,"Temp","Капуста 1",2016-04-22 19:48:00,13.9
8,"Temp","Капуста 1",2016-04-22 23:53:13,14.7
8,"Temp","Капуста 1",2016-04-23 03:51:13,13.7
8,"Temp","Капуста 1",2016-04-23 07:50:16,14.3
8,"Temp","Капуста 1",2016-04-23 11:51:02,16.1
8,"Temp","Капуста 1",2016-04-23 15:51:57,13.3
8,"Temp","Капуста 1",2016-04-23 19:52:08,15.3
8,"Temp","Капуста 1",2016-04-23 23:49:50,15.2
8,"Temp","Капуста 1",2016-04-24 03:54:16,14.5
8,"Temp","Капуста 1",2016-04-24 07:45:58,14.5
8,"Temp","Капуста 1",2016-04-24 11:54:59,15.1
8,"Temp","Капуста 1",2016-04-24 15:53:12,15
8,"Temp","Капуста 1",2016-04-24 19:51:27,15.2
8,"Temp","Капуста 1",2016-04-24 23:48:47,14
8,"Temp","Капуста 1",2016-04-25 03:50:12,14.5
8,"Temp","Капуста 1",2016-04-25 07:48:46,15.3
8,"Temp","Капуста 1",2016-04-25 11:51:10,14.2
8,"Temp","Капуста 1",2016-04-25 15:52:22,16.3
8,"Temp","Капуста 1",2016-04-25 19:46:51,15.2
8,"Temp","Капуста 1",2016-04-25 23:46:38,15.5
8,"Temp","Капуста 1",2016-04-26 03:50:17,15.8
8,"Temp","Капуста 1",2016-04-26 07:50:50,16
8,"Temp","Капуста 1",2016-04-26 11:52:32,15.2
8,"Temp","Капуста 1",2016-04-26 15:46:23,13.2
8,"Temp","Капуста 1",2016-04-26 19:54:00,13.3
8,"Temp","Капуста 1",2016-04-26 23:47:06,16.3
8,"Temp","Капуста 1",2016-04-27 03:54:07,15.4
8,"Temp","Капуста 1",2016-04-27 07:54:18,14.5
8,"Temp","Капуста 1",2016-04-27 11:53:22,15.3
8,"Temp","Капуста 1",2016-04-27 15:47:09,14.4
9,"Temp","Капуста 1",2016-04-20 15:46:52,16.4
9,"Temp","Капуста 1",2016-04-20 19:52:22,15.2
9,"Temp","Капуста 1",2016-04-20 23:55:25,16.3
9,"Temp","Капуста 1",2016-04-21 03:53:05,15.5
9,"Temp","Капуста 1",2016-04-21 07:50:36,16.1
9,"Temp","Капуста 1",2016-04-21 11:50:59,15.1
9,"Temp","Капуста 1",2016-04-21 15:46:13,14.9
9,"Temp","Капуста 1",2016-04-21 19:51:45,13.9
9,"Temp","Капуста 1",2016-04-21 23:47:17,14
9,"Temp","Капуста 1",2016-04-22 03:54:30,14.7
9,"Temp","Капуста 1",2016-04-22 07:52:44,15
9,"Temp","Капуста 1",2016-04-22 11:48:25,14.7
9,"Temp","Капуста 1",2016-04-22 15:55:02,15.7
9,"Temp","Капуста 1",2016-04-22 19:46:09,14.2
9,"Temp","Капуста 1",2016-04-22 23:47:50,13.8
9,"Temp","Капуста 1",2016-04-23 03:51:58,16.4
9,"Temp","Капуста 1",2016-04-23 07:49:32,15.7
9,"Temp","Капуста 1",2016-04-23 11:53:15,13.8
9,"Temp","Капуста 1",2016-04-23 15:53:32,15
9,"Temp","Капуста 1",2016-04-23 19:52:44,14.8
9,"Temp","Капуста 1",2016-04-23 23:54:33,14.7
9,"Temp","Капуста 1",2016-04-24 03:49:19,15.6
9,"Temp","Капуста 1",2016-04-24 07:53:05,16
9,"Temp","Капуста 1",2016-04-24 11:48:14,14.3
9,"Temp","Капуста 1",2016-04-24 15:47:22,15.9
9,"Temp","Капуста 1",2016-04-24 19:53:11,15
9,"Temp","Капуста 1",2016-04-24 23:48:08,13.1
9,"Temp","Капуста 1",2016-04-25 03:51:46,15.7
9,"Temp","Капуста 1",2016-04-25 07:52:48,14.8
9,"Temp","Капуста 1",2016-04-25 11:51:47,14.1
9,"Temp","Капуста 1",2016-04-25 15:47:47,15.4
9,"Temp","Капуста 1",2016-04-25 19:54:28,15.2
9,"Temp","Капуста 1",2016-04-25 23:48:37,14.8
9,"Temp","Капуста 1",2016-04-26 03:47:25,15.1
9,"Temp","Капуста 1",2016-04-26 07:46:26,17.6
9,"Temp","Капуста 1",2016-04-26 11:54:13,14.6
9,"Temp","Капуста 1",2016-04-26 15:53:40,14.5
9,"Temp","Капуста 1",2016-04-26 19:52:20,15
9,"Temp","Капуста 1",2016-04-26 23:47:17,15.1
9,"Temp","Капуста 1",2016-04-27 03:46:51,14.8
9,"Temp","Капуста 1",2016-04-27 07:51:40,15.9
9,"Temp","Капуста 1",2016-04-27 11:52:55,14.6
9,"Temp","Капуста 1",2016-04-27 15:49:35,13.4
10,"Temp","Капуста 1",2016-04-20 15:55:23,14
10,"Temp","Капуста 1",2016-04-20 19:53:08,15.8
10,"Temp","Капуста 1",2016-04-20 23:52:30,14.5
10,"Temp","Капуста 1",2016-04-21 03:54:21,14.3
10,"Temp","Капуста 1",2016-04-21 07:49:14,14
10,"Temp","Капуста 1",2016-04-21 11:50:54,15.1
10,"Temp","Капуста 1",2016-04-21 15:46:44,14.9
10,"Temp","Капуста 1",2016-04-21 19:51:49,13.3
10,"Temp","Капуста 1",2016-04-21 23:54:02,15.5
10,"Temp","Капуста 1",2016-04-22 03:49:49,17.3
10,"Temp","Капуста 1",2016-04-22 07:54:18,15.6
10,"Temp","Капуста 1",2016-04-22 11:53:55,15.5
10,"Temp","Капуста 1",2016-04-22 15:50:54,16.9
10,"Temp","Капуста 1",2016-04-22 19:52:57,14.7
10,"Temp","Капуста 1",2016-04-22 23:46:56,12.7
10,"Temp","Капуста 1",2016-04-23 03:49:28,16
10,"Temp","Капуста 1",2016-04-23 07:48:04,13.8
10,"Temp","Капуста 1",2016-04-23 11:49:29,14.1
10,"Temp","Капуста 1",2016-04-23 15:54:42,14.5
10,"Temp","Капуста 1",2016-04-23 19:55:19,14.6
10,"Temp","Капуста 1",2016-04-23 23:53:32,15
10,"Temp","Капуста 1",2016-04-24 03:50:06,15.1
10,"Temp","Капуста 1",2016-04-24 07:46:33,14.8
10,"Temp","Капуста 1",2016-04-24 11:54:25,14.6
10,"Temp","Капуста 1",2016-04-24 15:47:54,14.7
10,"Temp","Капуста 1",2016-04-24 19:46:43,16.5
10,"Temp","Капуста 1",2016-04-24 23:55:46,13.3
10,"Temp","Капуста 1",2016-04-25 03:54:16,14.1
10,"Temp","Капуста 1",2016-04-25 07:51:24,16
10,"Temp","Капуста 1",2016-04-25 11:55:35,16.3
10,"Temp","Капуста 1",2016-04-25 15:51:19,14.5
10,"Temp","Капуста 1",2016-04-25 19:48:13,13.8
10,"Temp","Капуста 1",2016-04-25 23:51:12,14.2
10,"Temp","Капуста 1",2016-04-26 03:54:43,14.9
10,"Temp","Капуста 1",2016-04-26 07:47:02,14.8
10,"Temp","Капуста 1",2016-04-26 11:49:18,14.6
10,"Temp","Капуста 1",2016-04-26 15:50:06,15.2
10,"Temp","Капуста 1",2016-04-26 19:54:23,16.9
10,"Temp","Капуста 1",2016-04-26 23:48:05,15.9
10,"Temp","Капуста 1",2016-04-27 03:53:34,15.7
10,"Temp","Капуста 1",2016-04-27 07:53:03,14.7
10,"Temp","Капуста 1",2016-04-27 11:48:30,14.8
10,"Temp","Капуста 1",2016-04-27 15:46:07,13.9
11,"Temp","Капуста 1",2016-04-20 15:48:22,14.6
11,"Temp","Капуста 1",2016-04-20 19:55:57,15.8
11,"Temp","Капуста 1",2016-04-20 23:47:38,13.7
11,"Temp","Капуста 1",2016-04-21 03:48:51,14.9
11,"Temp","Капуста 1",2016-04-21 07:48:35,15.8
11,"Temp","Капуста 1",2016-04-21 11:47:32,14.8
11,"Temp","Капуста 1",2016-04-21 15:52:24,15.6
11,"Temp","Капуста 1",2016-04-21 19:54:32,14.4
11,"Temp","Капуста 1",2016-04-21 23:54:53,15.4
11,"Temp","Капуста 1",2016-04-22 03:48:41,15.2
11,"Temp","Капуста 1",2016-04-22 07:48:44,14.9
11,"Temp","Капуста 1",2016-04-22 11:55:36,15.3
11,"Temp","Капуста 1",2016-04-22 15:53:26,16
11,"Temp","Капуста 1",2016-04-22 19:51:02,15.9
11,"Temp","Капуста 1",2016-04-22 23:46:16,16.2
11,"Temp","Капуста 1",2016-04-23 03:51:59,14.6
11,"Temp","Капуста 1",2016-04-23 07:50:19,14.3
11,"Temp","Капуста 1",2016-04-23 11:49:09,14.2
11,"Temp","Капуста 1",2016-04-23 15:46:07,17.7
11,"Temp","Капуста 1",2016-04-23 19:54:57,13.6
11,"Temp","Капуста 1",2016-04-23 23:48:06,13.9
11,"Temp","Капуста 1",2016-04-24 03:53:56,15.5
11,"Temp","Капуста 1",2016-04-24 07:51:24,15.1
11,"Temp","Капуста 1",2016-04-24 11:54:50,16
11,"Temp","Капуста 1",2016-04-24 15:52:38,14.3
11,"Temp","Капуста 1",2016-04-24 19:47:01,15.5
11,"Temp","Капуста 1",2016-04-24 23:46:25,14.9
11,"Temp","Капуста 1",2016-04-25 03:47:28,15.8
11,"Temp","Капуста 1",2016-04-25 07:55:46,14.3
11,"Temp","Капуста 1",2016-04-25 11:50:11,14.1
11,"Temp","Капуста 1",2016-04-25 15:53:03,14.6
11,"Temp","Капуста 1",2016-04-25 19:48:07,14.3
11,"Temp","Капуста 1",2016-04-25 23:53:52,15.1
11,"Temp","Капуста 1",2016-04-26 03:46:02,14.3
11,"Temp","Капуста 1",2016-04-26 07:51:15,13.7
11,"Temp","Капуста 1",2016-04-26 11:49:25,15
11,"Temp","Капуста 1",2016-04-26 15:46:13,16.3
11,"Temp","Капуста 1",2016-04-26 19:47:38,14.3
11,"Temp","Капуста 1",2016-04-26 23:48:49,15.9
11,"Temp","Капуста 1",2016-04-27 03:55:28,15.1
11,"Temp","Капуста 1",2016-04-27 07:52:13,15.4
11,"Temp","Капуста 1",2016-04-27 11:46:51,15.9
11,"Temp","Капуста 1",2016-04-27 15:49:37,17.3
